{"acc": [0.8310425345340945, 0.8530268118029423, 0.8572744641512786, 0.8599376566491266, 0.8617099144542341, 0.863082915635117, 0.8643538834609897, 0.8654533191120659, 0.8661150503162377, 0.8669897203474655, 0.8678636488363288, 0.8684987633502337, 0.8693076291724899, 0.8695945020988763, 0.8701468079419152, 0.8707656563999457, 0.8711360779816144, 0.8716935594045043, 0.8720063114524599, 0.8723752536085858, 0.872621463295038, 0.872863973942563, 0.8735545413329847, 0.8737815264329509, 0.8739693250877477, 0.8741549053817941, 0.8742310600534631, 0.8745423334620772, 0.8747752329448933, 0.8748913141596714, 0.8752380755629451, 0.8754835448517845, 0.8755219917535861, 0.875764503320579, 0.8760787333933695, 0.8762827979799408, 0.8761216165862002, 0.8760750364433408, 0.8766620917653742, 0.8767123685889089, 0.8769504448961011, 0.8767057150614328, 0.8773230852732226, 0.8774118086519956, 0.8772624568157972, 0.8774820483016296, 0.877520494894944, 0.8779264073809226, 0.8780543168657057, 0.8782517281585459], "val_loss": [0.3532184317975253, 0.3425616860778932, 0.3340973646451356, 0.3293931188660034, 0.32992043550473216, 0.3309205194393764, 0.32123968104883394, 0.3231376001798824, 0.32013632595237307, 0.3201759195278965, 0.3168697420306536, 0.3172104047908473, 0.3145066116643134, 0.31339327998200917, 0.3122339646221307, 0.3120823201640502, 0.31092398229510304, 0.31069653774607464, 0.30997408971896273, 0.3086953296505067, 0.3084901614490203, 0.3089844047725666, 0.3074192039300843, 0.30634012389486526, 0.3083327211415283, 0.3058133999652826, 0.3042781024893465, 0.3042668300588138, 0.30470359756867815, 0.3040070138451775, 0.3050020968703062, 0.30387117439576977, 0.3043169425546161, 0.30227926764960705, 0.3030617045822007, 0.3024862142344879, 0.30276883738079735, 0.3018979040919671, 0.3018629330973717, 0.30039194002391456, 0.30206959097957, 0.3013768621923931, 0.2999316480283803, 0.299059635866711, 0.29910210174699786, 0.30140888073128136, 0.30119638515648045, 0.29915685008514825, 0.3007471563864526, 0.2981036858539645], "loss": [0.39224965594363764, 0.3489972927564364, 0.33987589431384113, 0.3342926358860604, 0.3308836143926228, 0.3282441109024358, 0.3258850464023294, 0.3235960990888216, 0.3222930991328237, 0.3204003097651212, 0.31877335465861717, 0.31765683546365475, 0.31630015286501034, 0.3154943946625401, 0.3139661529114608, 0.31323119776361075, 0.3122710857223244, 0.3112501704089052, 0.3105364990382872, 0.3095331704091096, 0.3089458851310918, 0.3083482205682499, 0.3077656556551387, 0.30691829217349376, 0.3064478297955801, 0.3058136134658597, 0.30557904672930886, 0.30507434166753516, 0.30480402021678593, 0.30411317047781095, 0.3038487834805234, 0.3036862053392221, 0.30317013751836525, 0.30280178401989205, 0.302210422466404, 0.30214769833689975, 0.30181616202628936, 0.30159716273478215, 0.3012404380676368, 0.300749639329455, 0.30049191905487105, 0.3001183076993337, 0.30012940105274855, 0.2998462337679709, 0.2995402211252781, 0.29933035853067896, 0.29913723439518314, 0.29859653050437346, 0.29874720474415034, 0.2982267555531936], "val_acc": [0.8526977944497056, 0.8557528520631129, 0.8609550243840894, 0.862460371757859, 0.8636758845798879, 0.8609757259081255, 0.8672159651749766, 0.8648884435536107, 0.8678429470863039, 0.8673017310748148, 0.869676573055791, 0.8691945065623603, 0.870342000936055, 0.8710399603801946, 0.8710133435838081, 0.87166990025628, 0.8714687905986012, 0.8721756249523781, 0.8724358828321169, 0.8738288463137894, 0.8736336526335744, 0.872548265151811, 0.8736661856076768, 0.874165995612438, 0.8727197978328791, 0.8742428894992447, 0.8750000001001261, 0.8752632144441417, 0.875322361760836, 0.8752720851992509, 0.8755914917678348, 0.8752543424691862, 0.8754613634068634, 0.8761386215032453, 0.8756328957353748, 0.8760972194225887, 0.8765644972204107, 0.8770110717934632, 0.8770140294296384, 0.8773748391605228, 0.8759493470595281, 0.8774280739872442, 0.8774960967283086, 0.8782325043187751, 0.8783034819517134, 0.8771914770305002, 0.8770879665616615, 0.8786702087797816, 0.8771678186134784, 0.8783774190456605]}